Model,MSE,RMSE,MAE,R2 Score,CV R2 Mean
Linear Regression,601691.2586138474,775.6876037515666,609.3223620292995,0.42128841257002314,0.39076670396050733
Random Forest,628732.038206131,792.9262501684069,619.6039791430759,0.39528036897762375,0.37664537533509945
Gradient Boosting,642460.1572810357,801.536123503511,622.9149006041911,0.3820765514573753,0.3644989410980914
K-Nearest Neighbors,734621.16342,857.1004395168632,662.3495,0.2934353398753854,0.27763579427345053
Decision Tree,817219.6194656901,904.0020019146474,688.742013786864,0.21399146740233688,0.19148350880853804
Support Vector Machine,1084938.7654621815,1041.6039388664876,763.6707002634727,-0.04350300297098042,-0.03332293402296864
